PoloChau,severinhacker
PoloChau,albertocairo
PoloChau,Prof_DavidBader
PoloChau,jonfroehlich
PoloChau,ibogost
PoloChau,khusape
PoloChau,TheNextCorner
PoloChau,zkancs
PoloChau,GTRI
PoloChau,goodfellow_ian
PoloChau,dennybritz
SamForDaWin,GAFollowers
SamForDaWin,MCLA_Tournament
SamForDaWin,benkanute
SamForDaWin,nathanfielder
SamForDaWin,WICKEDWORLDWI
SamForDaWin,MCLA_Champs16
SamForDaWin,mstapleton3
SamForDaWin,maddielee419
SamForDaWin,ugalax
SamForDaWin,AaronSolender86
SamForDaWin,realDonaldTrump
SamForDaWin,MCLA
SamForDaWin,charlie_oliva
SamForDaWin,kacrandall
SamForDaWin,dog_rates
SamForDaWin,GT_Hockey
SamForDaWin,WePlayLean
SamForDaWin,POTUS44
SamForDaWin,POTUS
SamForDaWin,mikeyeps
severinhacker,switzerland099
severinhacker,hyrumwright
severinhacker,sieg
severinhacker,gabrielgambetta
severinhacker,RyanMunson21
severinhacker,kdub0
severinhacker,hmslydia
severinhacker,P4ndaGirl
severinhacker,StunnaDonDada
severinhacker,rickaroundhere
severinhacker,TimeSpaceOne
severinhacker,drob
severinhacker,triplejberger
severinhacker,daveclark
severinhacker,LexiBelc
severinhacker,ScottAdamsSays
severinhacker,cavanaughnate
severinhacker,christina_ooi
severinhacker,Steve_Ridout
severinhacker,tommmitchell
albertocairo,cbasturea
albertocairo,discoursemedia
albertocairo,aric_chokey
albertocairo,NZZStorytelling
albertocairo,jugalpatelNYT
albertocairo,Prof_BearB
albertocairo,shannimcg
albertocairo,bnj_cooley
albertocairo,juliagalef
albertocairo,Court_Jeffrey
albertocairo,NHC_Atlantic
albertocairo,johntstasko
albertocairo,eric_d_lawrence
albertocairo,_ritacosta_
albertocairo,ht0ma
albertocairo,al_hurley538
albertocairo,LaurenRohr
albertocairo,wihbey
albertocairo,SzaboHaslam
albertocairo,emilybartha
FisherDanyel,marksawula
FisherDanyel,TofHurter
FisherDanyel,ken_hinckley
FisherDanyel,ieeevgtc
FisherDanyel,d3visualization
FisherDanyel,RabbiDoubleA
FisherDanyel,MattNegrin
FisherDanyel,20korg
FisherDanyel,LeeNapier7
FisherDanyel,GeneticJen
FisherDanyel,tanner_jaime
FisherDanyel,HannahFoxwell
FisherDanyel,vlandham
FisherDanyel,davidcrosss
FisherDanyel,Zipcar
FisherDanyel,CharlesPPierce
FisherDanyel,gillianrhayes
FisherDanyel,danulf
FisherDanyel,ann_leckie
FisherDanyel,thinkpiecebot
LMNault,docbaty
LMNault,ericsimons
LMNault,paulg
LMNault,joshcarpenter
LMNault,AndrewCrow
LMNault,NNgroup
LMNault,jnd1er
LMNault,blaurel
LMNault,mlssamrtn
LMNault,SoniaKoesterer
LMNault,girlracer68
LMNault,jlinowski
LMNault,monteiro
LMNault,lea_designer
LMNault,ericstrenger
LMNault,shodoshan
LMNault,livlab
LMNault,karaswisher
LMNault,Blair591
LMNault,ideo
adarrow,TwitterVideo
adarrow,VELUXAmerica
adarrow,FluidWaterMeter
adarrow,AltHHS
adarrow,AltForestServ
adarrow,NASA
adarrow,alt_fda
adarrow,NotAltWorld
adarrow,BadlandsNPS
adarrow,HalfOnionInABag
adarrow,ivanka
adarrow,MatureTrumpTwts
adarrow,ObamaWhiteHouse
adarrow,WhiteHouse
adarrow,FLOTUS44
adarrow,FLOTUS
adarrow,POTUS44
adarrow,EldridgeGravy
adarrow,jessleeST
adarrow,jsoltero
JakeP,Nate_Cohn
JakeP,anniejevans
JakeP,AndyRichter
JakeP,DesignTimes
JakeP,SelfAwareROOMBA
JakeP,BayNature
JakeP,jbarlekamp
JakeP,POTUS44
JakeP,POTUS
JakeP,LosFelizDaycare
JakeP,TerbilDraems
JakeP,rubbishdrawings
JakeP,NeutralGroundCo
JakeP,ScoutAlarm
JakeP,message
JakeP,blankonblank
JakeP,USDS
JakeP,SFBARTalert
JakeP,GoogleDesign
JakeP,wildernessmaaan
kimisperros,AmirSariri
kimisperros,nberpubs
kimisperros,hellojas
kimisperros,GoogleBrain
kimisperros,jasonyo
kimisperros,andrewgwils
kimisperros,adamgdunn
kimisperros,erichorvitz
kimisperros,nih_nhlbi
kimisperros,mmitchell_ai
kimisperros,volkuleshov
kimisperros,argonne
kimisperros,GiorgioPatrini
kimisperros,AtlantaCTSI
kimisperros,AtlPedsResearch
kimisperros,hongliangjie
kimisperros,eleni_kosta
kimisperros,MTrrnt
kimisperros,negar_rz
kimisperros,Etsy
Prof_DavidBader,melmwhite
Prof_DavidBader,aspenglobal
Prof_DavidBader,Alpixels
Prof_DavidBader,50champ
Prof_DavidBader,holmes_shin
Prof_DavidBader,luizpais
Prof_DavidBader,rickcchen
Prof_DavidBader,Michaelintwitte
Prof_DavidBader,josepablosuarez
Prof_DavidBader,bradpalm1
Prof_DavidBader,WebcreekTech
Prof_DavidBader,2BReality
Prof_DavidBader,liberouter
Prof_DavidBader,thekingpin_damo
Prof_DavidBader,Whats_loui
Prof_DavidBader,ooskicks
Prof_DavidBader,AyyyeJayye
Prof_DavidBader,wangziy
Prof_DavidBader,elo_pr
Prof_DavidBader,sandboxchicago
jonfroehlich,JohnAlexander
jonfroehlich,rameses888
jonfroehlich,rajakushalnagar
jonfroehlich,jesshami
jonfroehlich,ProactiveSleep
jonfroehlich,HandicapThis
jonfroehlich,PoloChau
jonfroehlich,AbeDavis
jonfroehlich,graydesign
jonfroehlich,DavidNemer
jonfroehlich,yasssjasss
jonfroehlich,vj_chidambaram
jonfroehlich,thompsonpat
jonfroehlich,User1st
jonfroehlich,bendevane
jonfroehlich,AMAC_tweet
jonfroehlich,MikeySaugstad
jonfroehlich,ahaAtARO
jonfroehlich,saiphcita
jonfroehlich,twi_mar
ibogost,lauraelizdavis
ibogost,UrbanLandInst
ibogost,kaitlinofficial
ibogost,coralsncaves
ibogost,dezeen
ibogost,iconeye
ibogost,Gastropodcast
ibogost,blueprintmag
ibogost,nicolatwilley
ibogost,tucker_ft
ibogost,tsmullaney
ibogost,markrobsf
ibogost,compilerguy
ibogost,deaneckles
ibogost,murraysd_
ibogost,GaTech_Planning
ibogost,zerobox
ibogost,NewUrbanism
ibogost,Mlsif
ibogost,MatthewGombolay
khusape,harrybr
khusape,glennsolomon
khusape,caldbeckj
khusape,meseali
khusape,pranjal_1981
khusape,vijaya
khusape,kcoleman
khusape,ArlanWasHere
khusape,sidpandey
khusape,djtokyo
khusape,rohitjain
khusape,mukuls97
khusape,NavinChaddha
khusape,hitobs
khusape,dkhare
khusape,leotor
khusape,anand_raj
khusape,venky13
khusape,manish_saarthi
khusape,arvindax
TheNextCorner,JonathanWilbur
TheNextCorner,ChristiJOlson
TheNextCorner,ChristiJBOlson
TheNextCorner,NWSBayArea
TheNextCorner,MoneyLynch
TheNextCorner,HSBC
TheNextCorner,TheJudge44
TheNextCorner,farmshelf
TheNextCorner,elguapo
TheNextCorner,thecounter
TheNextCorner,jaychoag
TheNextCorner,woodymarshall
TheNextCorner,TCVTech
TheNextCorner,nicoberman
TheNextCorner,warpling
TheNextCorner,MariekeRakt
TheNextCorner,laurashin
TheNextCorner,foe_us
TheNextCorner,EcoWatch
TheNextCorner,BOTUS
zkancs,girlie_mac
zkancs,b0rk
zkancs,LauraBehrensWu
zkancs,BlackGirlsCode
zkancs,sheplusplus
zkancs,portainerio
zkancs,KnowYourCompany
zkancs,cjlew23
zkancs,sxywu
zkancs,alignedleft
zkancs,tdda0
zkancs,NodeSource
zkancs,zzbennett
zkancs,stitchfix_algo
zkancs,reworkpodcast
zkancs,janexwang
zkancs,rsalakhu
zkancs,nalkalchbrenner
zkancs,OriolVinyalsML
zkancs,goodfellow_ian
ddol,JamesTamplin
ddol,VelodyneLidar
ddol,CorrectNames
ddol,Kernasovskiy
ddol,aristeinberg
ddol,fivetentaylor
ddol,thereaIbanksy
ddol,kimmaicutler
ddol,atlasobscura
ddol,migueldeicaza
ddol,fredwilson
ddol,davemcclure
ddol,arstechnica
ddol,Voxitay
ddol,ConanOBrien
ddol,NASA
ddol,StephenAtHome
ddol,bballinger
ddol,CaseyNeistat
ddol,rebrosepdx
CptPositive,aclear
CptPositive,scottOfTheSci
CptPositive,shaunkane
CptPositive,jure
CptPositive,EatClubOrg
CptPositive,MenInBlazers
CptPositive,jofish
CptPositive,ayman
CptPositive,informor
CptPositive,lanayarosh
CptPositive,jwiese
CptPositive,NGorm
CptPositive,gillianrhayes
CptPositive,aninddey
CptPositive,marlowja
CptPositive,AndyRichter
CptPositive,ACMUIST
CptPositive,bigdata4people
CptPositive,WillJosephCook
CptPositive,manwhohasitall
GTRI,tweeplers
GTRI,VAVetBenefits
GTRI,DeptVetAffairs
GTRI,stampshealth
GTRI,FerstCenter
GTRI,CarolineGWood
GTRI,SSEFGeorgia
GTRI,BuildingIoT
GTRI,NetOfEverything
GTRI,iotconsortium
GTRI,TheIoT
GTRI,carolrclark
GTRI,ConversationEDU
GTRI,Alltop
GTRI,FromTheLabBench
GTRI,BuzzHootRoar
GTRI,ConversationUS
GTRI,duvall_jd2
GTRI,C4ISRNET
GTRI,PhysicsCentral
kedwards,NotAltWorld
kedwards,BarackObama
kedwards,HalfOnionInABag
kedwards,cursedimages
kedwards,internetofshit
kedwards,clmazin
kedwards,Snowden
kedwards,Oatmeal
kedwards,hcdeUW
kedwards,AwardsDarwin
kedwards,colin2sheds
kedwards,blairmacintyre
kedwards,GeorgiaTech
kedwards,ryangravel
kedwards,professorBodker
kedwards,beltlinepiper
kedwards,andrewmiller
kedwards,verbicidal
kedwards,asbruckman
kedwards,GavinNewsom
goodfellow_ian,RoyaMahboob
goodfellow_ian,vmcheung
goodfellow_ian,elianalorch
goodfellow_ian,johncoogan
goodfellow_ian,neilhimself
goodfellow_ian,indicoData
goodfellow_ian,geoffreyirving
goodfellow_ian,gstsdn
goodfellow_ian,cjmaddison
goodfellow_ian,machinaut
goodfellow_ian,yeewhye
goodfellow_ian,robertskmiles
goodfellow_ian,rivatez
goodfellow_ian,gyomalin_ML
goodfellow_ian,VitalikButerin
goodfellow_ian,TheGradient
goodfellow_ian,lschmidt3
goodfellow_ian,aleks_madry
goodfellow_ian,SwiftOnSecurity
goodfellow_ian,internetofshit
dennybritz,fabinger
dennybritz,keunwoochoi
dennybritz,MehdiShibahara
dennybritz,shimon8282
dennybritz,quantombone
dennybritz,VahidK
dennybritz,yablak
dennybritz,HirokoTabuchi
dennybritz,cinjoncin
dennybritz,LauraDeming
dennybritz,Samuel_DavidA
dennybritz,TheRealBenBall
dennybritz,lukede0
dennybritz,animesh_garg
dennybritz,mpd37
dennybritz,KaiLashArul
dennybritz,sbmckeon
dennybritz,lishali88
dennybritz,Img_Prasanna
dennybritz,FeryalMP
PoloChau,SamForDaWin
MattandMattPod,SamForDaWin
fatla1995,SamForDaWin
KatieNolan33,SamForDaWin
AaronSolender86,SamForDaWin
StephanieFarri9,SamForDaWin
maddielee419,SamForDaWin
YaBoiHudson,SamForDaWin
WePlayLean,SamForDaWin
mwysocki93,SamForDaWin
mikeyeps,SamForDaWin
rishippatel3,SamForDaWin
ShitEprightSays,SamForDaWin
tedge99,SamForDaWin
_CJx32_,SamForDaWin
TFL2015,SamForDaWin
spookysadness,SamForDaWin
AnayNawathe,SamForDaWin
mattzerkus,SamForDaWin
qcampbell3,SamForDaWin
Sandeepcristi,severinhacker
bbonesmo,severinhacker
arnaldohcastro,severinhacker
theceolibrary,severinhacker
LudoLatin,severinhacker
BarAlc58,severinhacker
TheG_Type,severinhacker
ArchAngelLPV,severinhacker
burculantonija,severinhacker
AdityaA19118052,severinhacker
RaffMisceo,severinhacker
MikeCaps,severinhacker
AwesomePittsbgh,severinhacker
hackernewsbot_,severinhacker
AlexKlarfeld,severinhacker
LLevasseur75,severinhacker
erichorvitz,severinhacker
PioneerMedy,severinhacker
hernan_katz,severinhacker
GazelSolange,severinhacker
Oink_Zhang,albertocairo
BillSullivan3,albertocairo
ix_env,albertocairo
Nacheit,albertocairo
banzaiii53,albertocairo
Jamesimu9James,albertocairo
CamilaAugusto7,albertocairo
Flag_19,albertocairo
domenechj,albertocairo
hkjohn12,albertocairo
Michelleas_w,albertocairo
jflegendre,albertocairo
marioschioppan,albertocairo
mapchitra,albertocairo
law3r,albertocairo
CathyBeros,albertocairo
Christo01215588,albertocairo
ArjunGupta,albertocairo
richten_nach,albertocairo
Jacob_r_Barnett,albertocairo
AmbassadorCOO,FisherDanyel
simongerman600,FisherDanyel
flekschas,FisherDanyel
ken_hinckley,FisherDanyel
hmlizama,FisherDanyel
CatchKD7,FisherDanyel
jawalnut,FisherDanyel
PoloChau,FisherDanyel
yanlofe,FisherDanyel
philogb,FisherDanyel
SeattleHarvest,FisherDanyel
nickyzhi123,FisherDanyel
univienna_vda,FisherDanyel
minsukkahng,FisherDanyel
JennyRLyons,FisherDanyel
amitkaps,FisherDanyel
namwkim85,FisherDanyel
pciuccarelli,FisherDanyel
Metti_Hoof,FisherDanyel
nikiubel,FisherDanyel
ShivaniAurora,LMNault
PoloChau,LMNault
darksunshinedee,LMNault
ericsimons,LMNault
James044Brian,LMNault
ubikretail,LMNault
UXsnack,LMNault
venture12,LMNault
goshospain,LMNault
missiongirl4,LMNault
shodoshan,LMNault
LisaDOhio,LMNault
NoeticSeries,LMNault
LoveNVRDiesBook,LMNault
ipevzner,LMNault
nelsonmarteleir,LMNault
martinlong82,LMNault
mrpderbs,LMNault
banerjee_mamata,LMNault
cindycated,LMNault
andysz,adarrow
PoloChau,adarrow
kplusr2,adarrow
UXsnack,adarrow
Antonioflpalenc,adarrow
kenudigit,adarrow
delcarpio321,adarrow
rideamigos,adarrow
neela_bell,adarrow
bethgalambos,adarrow
BrittneyBush,adarrow
wrdarrow,adarrow
ModusInstitute,adarrow
zaidhisham,adarrow
peacokle,adarrow
banerjee_mamata,adarrow
Nonnormalizable,adarrow
LaurentJanolin,adarrow
BurlinBritta,adarrow
Phooj,adarrow
PoloChau,JakeP
coachdotme,JakeP
ElenaWerdath,JakeP
hazeshanshan,JakeP
Africa_VC,JakeP
lottisbp,JakeP
SouthCountyIzik,JakeP
baymonsters,JakeP
cruzisabela995,JakeP
figipyzimapu,JakeP
jbarlekamp,JakeP
PeeringPressure,JakeP
ngoclongnguyen3,JakeP
MountainLionP22,JakeP
RayBeau,JakeP
banerjee_mamata,JakeP
CrowdTMeeting,JakeP
adb19a44f36c456,JakeP
hungviet2004,JakeP
TripScanner_Inc,JakeP
adamgdunn,kimisperros
nuclearkatie,kimisperros
BeadedJewlery,kimisperros
PromoStoreOne,kimisperros
OscarJetson,kimisperros
SyidMassiah,kimisperros
WoodFlipbook,kimisperros
sethmessenger32,kimisperros
PoloChau,kimisperros
appliedmldays,kimisperros
minsukkahng,kimisperros
KaterinaElRaheb,kimisperros
Prof_DavidBader,kimisperros
danlizotte,kimisperros
ilknurkabul,kimisperros
junayedjion9,kimisperros
ryanallred,kimisperros
Tobias_Grosser,kimisperros
data_hpz,kimisperros
frank8m,kimisperros
Thefirdaydeals,Prof_DavidBader
_cloudlightning,Prof_DavidBader
akinyemi_j,Prof_DavidBader
stevejpurves,Prof_DavidBader
HCWoman,Prof_DavidBader
night_LDN,Prof_DavidBader
jyrkiput,Prof_DavidBader
gmarkall,Prof_DavidBader
azken_muga,Prof_DavidBader
DeborahKennyHVA,Prof_DavidBader
darkkavenger,Prof_DavidBader
_dreamer_,Prof_DavidBader
GFACCORD,Prof_DavidBader
UofE_Research,Prof_DavidBader
A_Hermelink,Prof_DavidBader
j0hn__f,Prof_DavidBader
CalebOlayemi,Prof_DavidBader
ReinoSimila,Prof_DavidBader
dharmeshkakadia,Prof_DavidBader
MarkWT7,Prof_DavidBader
heorv,jonfroehlich
tentacleseal,jonfroehlich
JohnAlexander,jonfroehlich
markjamatthews,jonfroehlich
Gridbee,jonfroehlich
convoluted_code,jonfroehlich
datuixx,jonfroehlich
aneja_ap,jonfroehlich
rameses888,jonfroehlich
rajakushalnagar,jonfroehlich
skateprofessor,jonfroehlich
RollingWOLimits,jonfroehlich
developerach,jonfroehlich
bookofinnov,jonfroehlich
jwkritchie,jonfroehlich
We_are_upstart,jonfroehlich
britgerontology,jonfroehlich
jeffmatarrese,jonfroehlich
HandicapThis,jonfroehlich
susandra,jonfroehlich
orgonomyprod,ibogost
barbarellamoon,ibogost
DAQ_BOX,ibogost
shreyaskorad,ibogost
Theo_Plooij,ibogost
frnnnnt,ibogost
JollyFuchsia,ibogost
owada_shun,ibogost
shinoda_man,ibogost
lauraelizdavis,ibogost
jamesgaynor48,ibogost
Nathan68944583,ibogost
StoryTolley,ibogost
IDesign_reh36,ibogost
CollegeofEE,ibogost
SchutzJoey,ibogost
igorgeyn,ibogost
TheCodeTroll,ibogost
notoralhistory,ibogost
flejeuxvideo,ibogost
ManojSharma215,khusape
gpie3ock68ckxx,khusape
cefacoc,khusape
UXPAPER,khusape
RamiroMFernand1,khusape
Will_Alvarez,khusape
tatiana170295,khusape
Remi_Vladuceanu,khusape
bieber_work,khusape
MomFailPodcast,khusape
CAKISANPANDYA,khusape
ProPop2,khusape
ahmedalwailly43,khusape
mustafaaidl,khusape
noveliciouss,khusape
FeelThree,khusape
Yhamegroup,khusape
arvindax,khusape
drjoyce_knudsen,khusape
muhamma59993363,khusape
bself4bworld,TheNextCorner
neilhuggan,TheNextCorner
MeusMediaGroup,TheNextCorner
rocklondon1,TheNextCorner
talentdynamics,TheNextCorner
KevinB_Murphy,TheNextCorner
TommySWang,TheNextCorner
jenjacksonme,TheNextCorner
mypassiontest,TheNextCorner
eiupdates,TheNextCorner
AmbraHensley,TheNextCorner
Sandybillionboy,TheNextCorner
mdraselkhantaj,TheNextCorner
ankitmehra887,TheNextCorner
giladsal,TheNextCorner
KaniYarth,TheNextCorner
1HumanFromEarth,TheNextCorner
PHOTOTPB,TheNextCorner
npwleague,TheNextCorner
tag6311,TheNextCorner
thejohnnygwin,zkancs
daycamp4devs,zkancs
bjoernsmith,zkancs
ansarisaad,zkancs
oneplus1000,zkancs
rvrkj,zkancs
notsu,zkancs
CTO_AI,zkancs
Mohamed3_AboTal,zkancs
DigidustGrowth,zkancs
dwhsieh,zkancs
TechNativeWire,zkancs
orbittest2,zkancs
EmekaData,zkancs
TAanderud,zkancs
JohnKNLL,zkancs
nicolemannann,zkancs
PostManWaz,zkancs
RoboticsAI2018,zkancs
dsimposters,zkancs
graver_ua,ddol
desydolan,ddol
madbunny_911,ddol
AAthifas97,ddol
CTO_AI,ddol
OBehaveYourself,ddol
coreyfro,ddol
NikhilS50,ddol
PoloChau,ddol
jonobacon,ddol
JessRTs_a_lot,ddol
Moviebnb,ddol
mostblue1,ddol
georgbauser,ddol
pmaceoin,ddol
gocountly,ddol
GoodAILab,ddol
bananamagick,ddol
acelr8,ddol
HostedGraphite,ddol
jofish,CptPositive
t0zecorreia,CptPositive
PoloChau,CptPositive
msbernst,CptPositive
scottOfTheSci,CptPositive
ACMIUI,CptPositive
suefussell,CptPositive
IntercultComm,CptPositive
bigdata4people,CptPositive
kkarahal,CptPositive
khai_truong,CptPositive
hciprof,CptPositive
plopesresearch,CptPositive
nediyana,CptPositive
carlagriggio,CptPositive
cosleydr,CptPositive
jeffbigham,CptPositive
mattllee,CptPositive
ideasandinfo,CptPositive
genialee,CptPositive
Omnes_VC,GTRI
EU_ScienceHub,GTRI
GTSolarRacing,GTRI
jimchatfieldjr,GTRI
SynesthCorp,GTRI
advoloastra,GTRI
GaTechWIE,GTRI
cclark_georgia1,GTRI
naz_andalibi,GTRI
ecr_,GTRI
Annakat23878050,GTRI
GAsGreatest,GTRI
keshav_sanjeevi,GTRI
dsatterfie,GTRI
PBlock96,GTRI
francismwongela,GTRI
Sanguineus21,GTRI
kenzymina,GTRI
LethJody,GTRI
katpatchris,GTRI
naz_andalibi,kedwards
bigdata4people,kedwards
debraruh,kedwards
MatthewGombolay,kedwards
ICatGT,kedwards
vivianmotti,kedwards
LexusVitamin,kedwards
PoloChau,kedwards
Shneydave,kedwards
profmikefraser,kedwards
sociallycompute,kedwards
MarinaChong,kedwards
myriadbird,kedwards
thesaadismail,kedwards
Chris_Storm71,kedwards
jr_thomp,kedwards
hide_yourself,kedwards
acmDIS,kedwards
MiJaGourlay,kedwards
Alex_Drunkan,kedwards
zhifengjiang,goodfellow_ian
thomas_mock,goodfellow_ian
RishabhMisra94,goodfellow_ian
voxelbased,goodfellow_ian
aambrus1,goodfellow_ian
manoelribeiro,goodfellow_ian
scottgstewart,goodfellow_ian
IRudyak,goodfellow_ian
nikhil_kodit,goodfellow_ian
yinbing6,goodfellow_ian
alekseyt9,goodfellow_ian
DatFrenchSoup,goodfellow_ian
eraldoluis,goodfellow_ian
Yifan_Gao95,goodfellow_ian
smashthepast,goodfellow_ian
vinayakk1094,goodfellow_ian
iamYup,goodfellow_ian
dungnm1710,goodfellow_ian
StudentGameCOMP,goodfellow_ian
MF4_Azzam,goodfellow_ian
matthewopala,dennybritz
RishabhMisra94,dennybritz
maystya,dennybritz
821847709Jun,dennybritz
s_belharbi,dennybritz
Mike_N91,dennybritz
vdeepak13,dennybritz
Marcvheer,dennybritz
smilelinlin,dennybritz
Brett_Fujioka,dennybritz
kahirul,dennybritz
RBSfree,dennybritz
lihongyancsu,dennybritz
icochico85,dennybritz
lingesther14,dennybritz
therealhombre,dennybritz
Shuab,dennybritz
Kagashi0,dennybritz
AdamOptimizer,dennybritz
shhudhir,dennybritz