2828	-593
627	-5900
2658	-1684
5177	-2148
1655	-741
4538	-544
2558	-29357
178	175
749	656
1472	-4751
3465	-765
4474	70
2599	-602
4422	-1896
1932	148
3050	-2328
413	-548
939	-1305
1066	218
222	-3669
535	-2448
4042	909
2954	-2056
3901	-3966
2906	-497
1998	568
623	-4796
4631	-68
2307	435
2687	-23752
72	-59
4261	-37157
2098	281
854	-6847
1532	-37
4222	-5745
4418	-1803
4895	501
4366	-707
3786	-1174
1496	201
814	441
2539	-533
4173	-5043
1026	-10079
2328	-9061
5093	-622
464	-2803
4352	-7511
990	-739
2386	-106
2094	-1142
468	-1109
1608	-3540
4531	-67
531	-2442
3466	-8439
4082	-41
230	-4
3327	-464
2085	-3683
3882	-3789
954	-2598
4762	361
1459	-2430
4680	160
4898	-954
2865	-1874
4361	-2330
4605	-486
2083	-1817
3298	-10431
851	382
3393	-1637
4517	92
2406	1030
4685	1075
3202	-1735
4218	1013
1514	-685
3585	150
3146	-3895
1975	-3231
1827	-746
4174	-1582
1726	-35
1983	-205
448	-3222
3394	-31226
111	-1921
477	701
601	-637
4739	234
917	-876
4215	-193
2408	-826
1493	-1957
233	-9091
2811	-4646
4914	-28
3322	-522
453	-1614
1579	-3403
993	-2115
1223	484
1807	-4463
3343	-183
2896	-2011
2676	-284
1849	-2170
1314	181
1363	-928
1947	-651
359	-1853
4372	-1049
510	316
2363	1529
4813	-6380
380	-702
1967	-7642
1813	-608
752	14
1676	-2544
4620	-304
5098	-281
1571	-4235
534	-5166
2117	256
3295	-2758
1331	-523
219	-2498
3005	-1111
136	-878
3061	-840
3247	-1516
1423	-1178
3501	-773
3741	414
3162	-416
3888	-4510
3338	360
1872	-1016
2932	-4451
5008	-1907
5038	-5829
4370	-3956
4417	-2133
4242	30
4163	-9220
4471	-5049
5115	-1050
4871	1131
772	-1423
1997	359
2068	-1747
1638	-872
1697	-1753
3561	-866
2622	100
3691	-4460
5223	-591
4445	283
4186	55
109	-2131
2075	-86
3198	-944
4857	-1
698	-896
1767	45
273	-7809
1222	357
2588	-33635
4746	147
3757	-1295
3506	-2784
3702	-15195
5238	-597
2428	-218
2308	515
1704	-1408
2023	-701
1000	-4294
4262	-7556
4277	-241
2661	-288
2709	-874
3246	-3455
4490	139
24	-45
2791	-2380
2652	142
27	-827
3197	-1481
2815	51
4673	-3597
5276	-2409
1131	-1641
657	-3891
2252	-2036
4771	626
981	-120
3575	-16939
307	854
2705	-2650
2719	-4667
2548	-778
2842	139
4764	-1646
3821	105
2488	-2046
1663	85
5110	-2681
1605	-1655
3312	29
4776	-2215
4131	-355
399	201
4024	-1698
1654	-7
3307	-6645
3310	-48
1705	-3805
4719	101
4798	-62
1748	-2012
3276	305
2259	-1275
1082	104
2586	446
4913	564
1999	383
4379	-6303
4561	-1889
1436	-9123
2769	-1023
3415	-406
5279	-9245
827	-414
5090	-930
4851	481
5075	-1001
4273	-746
3030	-1040
2891	-606
3297	427
4110	-3202
3553	-3679
4090	-2961
4342	-2126
968	201
4351	-2155
4470	-1841
5250	-2688
1714	-1410
5272	1433
1154	-2395
3603	-2164
1507	-4224
821	-4267
2903	-1384
5172	-3903
2111	-1009
1270	-992
1243	-1314
4187	-5216
3480	198
1230	-22986
2073	628
3518	-16575
2727	814
4842	124
5141	-528
1106	-3118
5062	-3400
666	-1082
1861	-407
4933	-10746
2800	2
4906	-790
1653	-276
2380	344
941	-3882
3892	-3512
4332	-1118
3639	-958
5107	-1741
2580	-820
3745	436
3719	-919
4564	-2069
1099	-22488
4840	-1283
1633	-4551
1915	-2948
2358	745
2125	-2797
945	-909
909	-2897
1735	701
2530	-633
1885	-2350
2590	-1020
3345	-1722
1378	-15896
2597	-886
1644	-49
2619	-1265
1559	-1103
3938	-2517
1478	418
1152	232
3923	-2029
898	-844
2412	-7666
3877	-1637
994	-146
5263	-20088
2691	421
687	257
53	-4830
1558	-1567
4087	-1776
3567	-73
4320	-652
2218	-2832
3324	-184
3291	-1612
3064	-570
1523	173
4528	505
4539	-4108
4533	-1859
1042	475
1330	-1298
1380	-2237
4829	-524
1240	-46
1615	-1361
2060	-3409
5056	-989
1002	-6057
5048	-3245
4204	-4490
4386	235
3976	604
5012	-649
263	475
5266	-3931
2155	-1611
2261	-560
3755	140
1402	321
2571	27
1546	-4982
4894	-1056
3830	-928
186	-13405
4929	104
1990	-775
1809	-35513
1280	-3316
3588	-1161
2711	-12510
1121	501
1017	-2597
1971	-209
2923	-1309
2390	97
2108	-800
3263	-43
2141	-3931
4646	-1136
4702	1161
3225	-328
3470	-611
1379	-3987
4305	-1101
4018	-687
1679	-4168
4651	934
2739	-2628
2484	643
703	-526
2474	-2076
713	-4574
2535	-10303
4513	-977
338	-8554
3204	-575
4911	-1018
1044	-950
5050	-559
200	299
4392	587
2576	-5072
3226	-159
1457	-2026
81	-6476
208	-3296
3616	-3913
5040	-1967
1238	-1609
1893	-3129
839	493
1837	-2222
149	127
4318	-778
991	-1721
1876	-5985
5025	-6156
1833	186
1765	-3228
1179	-43
4600	-748
3703	-1539
4067	29
956	-26018
1414	-56
3783	379
902	-563
1341	-228
2651	-716
5264	-7405
4866	701
704	-858
3253	-414
1943	-8018
1284	-4002
4008	-2801
1310	229
527	-586
957	-2663
4916	-1119
3448	-105
4168	-280
4036	-14594
3463	-6277
2442	-2744
2486	-565
1165	-714
179	-5040
485	-1241
2260	-1024
142	-1693
4927	-2046
4029	-1292
1206	-356
373	1357
4716	-535
2327	-997
4618	-1471
4038	-1705
1830	-1833
5065	-24
205	-769
4709	62
3163	-366
392	210
764	163
3392	-134
1564	-255
385	-15180
4164	34
4145	-2291
4266	-375
1547	-74
1495	-1562
1617	-33893
3139	-214
2202	-765
1650	-154
1801	-2660
2086	-708
745	-674
3696	-1303
5057	-1692
3992	-8253
1272	-1953
4639	441
3586	-11732
2638	-945
4278	-1576
1835	67
3653	-500
430	952
3784	-621
4410	-2451
1069	111
2693	176
1866	-852
2707	92
2543	-1753
2581	127
2509	-5348
3538	26
1019	-2491
112	-936
1451	156
888	-1958
4585	-191
975	-12481
747	703
4052	-1509
974	312
4519	343
4491	-608
3369	151
2723	469
4551	-1290
116	-3734
3754	-3340
2901	-3993
633	403
4727	-3164
2696	-4004
590	-860
1352	-1689
2849	-5647
1575	-1708
2931	-9344
1031	-18874
158	-3346
3169	-1376
4650	149
2362	154
5167	-2296
1689	-23629
3749	-65
2305	-915
134	-14813
138	-2507
1521	-2677
2239	33
4459	28
645	484
3189	-1734
2607	-1996
2464	623
566	-7846
2133	135
2340	751
4628	-64
5133	-169
976	-440
39	-3889
4884	-2677
3540	-4612
5078	-1473
2868	499
543	-14164
3399	-8487
2367	501
654	1046
2508	-8327
3619	-846
4830	-3324
1146	-602
1348	-205
1476	-1753
124	-5602
663	-2827
1393	-3468
4070	-2258
281	-1764
3956	-1629
332	183
4506	-1875
4623	132
382	-118
2532	-231
4101	-3946
37	-78
164	-772
1721	-1289
322	360
2047	-299
1627	225
423	594
3684	-103
3998	325
1541	-678
987	-1558
1048	-447
2422	-1227
2312	-151
4147	272
4765	-4511
694	-978
3900	-195
1360	-1053
2784	-3252
735	-1392
4134	-1807
3337	-4838
1781	-6076
1848	-2684
3816	-796
2278	-357
3315	-1366
2275	-1258
881	438
4608	-946
48	-165
897	-2902
3147	-2700
2445	-561
1961	-831
3988	767
1527	-1327
1904	-10345
1715	214
1562	-1354
955	-569
3155	-2556
2556	-1246
4826	-889
548	-2695
2771	1321
3884	-1903
1923	-9797
4109	-300
1609	-12017
4003	-2080
3819	-3051
1806	-40
3551	-616
1957	-1071
7	-1757
1537	-1658
2051	-2677
501	-17576
3968	-689
2964	389
2604	-183
3952	-2678
2099	327
3365	-1468
2095	-77
3172	127
1163	-614
1762	-5135
2350	-2579
3879	-13617
792	-1079
466	-619
3867	-1309
3770	-30245
2475	-336
3164	-919
2775	-1646
2553	-1277
5096	-692
3622	-8544
4466	-3674
2517	-843
1013	-4463
1351	-8390
4777	-2160
4293	-1512
3934	-651
4495	-761
2887	-232
900	-388
4462	-481
4524	-1578
2214	596
1324	-472
3413	78
157	455
3908	-400
170	-728
5246	-1895
2439	-968
3175	225
1297	-304
907	217
1133	-1074
741	-1419
4260	-6106
3259	220
1225	234
1239	-186
1693	-471
2100	-605
389	2
4951	-2153
3858	-1591
4662	-718
865	96
2050	-1172
3599	-507
3223	-273
3609	444
1965	-99
505	-1038
3744	404
2942	-3645
4238	-4839
1068	499
3444	-51
3430	-426
5184	-1296
5103	-835
4396	-272
478	-1259
2123	-1784
4116	-1574
1292	-1098
750	-954
770	-1712
2988	-1481
1145	-170
1642	-49148
192	-1014
3945	-7339
2396	847
82	-5220
2067	184
1643	-48
5239	544
350	-2483
1335	-299
2121	-2311
2697	-760
398	818
1618	789
362	-8539
321	-575
1717	559
901	-373
1370	-3476
1406	-4043
4455	-8609
2361	187
1539	-2355
2944	-1640
4420	-4341
3733	-1658
971	-2133
4873	-149
4890	1335
4066	-606
1396	-2466
3679	-1224
4682	608
598	-217
2857	-3495
4711	396
3641	-645
2153	-5793
4457	-1933
804	-357
425	326
3460	-1579
318	972
4292	462
2753	706
2041	-10912
1023	-573
1303	358
2170	-2010
3990	259
3904	-9408
54	31
2485	-3528
4376	-854
4190	-6518
130	-1446
4548	-4039
265	-1515
4852	401
3222	449
925	-399
942	-893
2905	-4160
1594	-822
3642	-499
1741	889
5121	-1939
5197	-3470
4220	-4476
5198	372
4132	-2471
1972	-1685
118	71
154	-1943
4321	-3752
4576	-8556
2165	-2523
845	1156
2130	-373
1979	347
2116	-368
2816	-873
3802	-604
2280	-1818
1401	-1906
1599	325
2522	-8476
998	-1396
3659	-4564
5132	-2373
3368	-470
1119	-909
1734	-746
3143	-658
836	-1661
2103	-1218
4705	-385
2564	-1242
1756	-112
3075	-1106
2609	137
2570	92
4818	-897
1759	-6337
1964	223
3592	187
2436	-1115
226	-1394
3461	-1914
2752	-2403
1577	-2295
1520	-36655
4139	-15749
1855	-3330
257	289
5058	-1471
2881	-4727
4769	-1595
878	-633
3214	453
364	-2254
798	499
4019	-797
790	215
2783	-2395
670	-716
3059	454
79	-1778
1864	-3780
4485	-1245
2337	-5747
4899	835
2578	249
4543	-275
4106	-2172
4104	-17651
5043	242
4407	-4412
2797	-1104
2862	-1609
656	-1715
89	-286
5112	-2496
513	-755
256	179
5054	-2611
2690	-790
2802	-18571
3400	-5412
4936	-1523
910	-7181
4540	-378
2573	-422
2148	-664
760	480
4438	-267
3748	-7439
5004	515
1560	-2590
4598	-4447
1093	-1726
4619	-127
3148	-4639
2267	-911
1931	-4118
4934	-5062
4793	-4295
0	2758
151	-1354
314	462
2801	1329
4667	-2872
1205	421
1591	257
2635	-4069
3531	-1231
4652	-1516
2642	-2145
4970	378
4451	-4758
4900	-33
4166	-11206
625	-9
1660	-5890
4300	-1672
1345	295
476	242
75	-3513
2192	-807
4094	-1924
4957	-1231
3871	-559
1088	-8083
4444	387
2213	-866
1629	-3605
2803	-185
3997	-73
59	-281
924	842
3707	-805
1674	-1921
2646	-7556
1209	339
986	-5541
4014	452
1453	-30511
1092	-1979
579	-6484
3110	635
1880	-403
1474	-41
4230	520
5262	-6274
3194	659
1449	-1712
3072	-617
5055	-923
1879	-11221
2962	-291
1772	-437
3672	292
4059	-3708
1281	-296
4574	-2903
4478	-267
2011	-3673
3409	-31500
5032	-835
5061	-930
946	271
638	-35559
1906	-5323
2209	640
4720	-1708
751	-957
95	3158
834	-213
275	-497
4048	-9257
3228	301
3186	-849
3555	-32
47	-1323
936	-758
1038	-1225
351	-13447
4791	-237
4464	-8722
2489	129
3933	-5267
2330	-568
3978	-250
5190	-10
982	-6286
1169	-11006
1699	355
3221	271
1587	371
1601	-2695
1930	-1740
1927	-5788
5047	-3514
3573	-15707
383	-1280
1747	-35
4697	-514
4461	-3274
1572	168
3512	471
1836	-2282
3168	-2636
352	-17772
3833	68
2388	-3974
1074	205
843	1326
3764	-1052
938	-122
4959	-589
3651	271
3066	-2118
2851	-801
3953	-2663
3756	-6
1552	289
4216	126
3827	-568
3349	391
5108	355
754	-2875
3584	1552
2575	167
2701	-94
185	-2700
4523	317
594	-1786
311	-38
2181	-3823
4294	-1490
3747	-1808
3582	-5064
859	111
3917	-6011
3963	-770
1175	-1666
1377	-2599
305	685
4071	-25
4365	554
4480	-3129
2176	-2809
2016	-587
1610	-742
4658	-1301
2978	198
5077	-1501
1582	-1333
2681	-2029
175	274
5129	548
3559	-1956
4022	-924
2298	-1706
4345	-233
923	-287
2724	-1160
3459	-975
5252	-12217
196	-1311
1955	31
3290	-296
450	-3505
4573	-3574
145	-849
1405	-5893
4483	-6715
1357	-16146
1385	681
3620	-1793
38	-1224
70	-637
1395	-1072
232	-1076
426	24
799	103
4687	-3154
2662	-25389
815	-3248
4160	-5317
4979	-82
2871	201
203	-1449
4105	506
4601	-6586
4887	18
4095	-3380
4179	-1992
4877	-880
3496	-1530
3565	-5479
243	-184
4910	-3395
4252	-382
5165	-6956
3232	1581
3549	-13525
3790	-193
4745	-74
291	-1325
3670	413
2237	244
339	-15412
2471	623
961	-2597
29	-183
4092	-2668
516	-397
2514	-11869
4612	-2190
1299	-340
3973	587
2694	-2997
4931	-176
3060	-410
863	1041
3881	-872
3780	-625
4143	-1257
803	-451
4530	-5091
80	29
1412	-3918
455	-5703
3936	-504
811	-453
1174	-2927
3991	-2977
2178	-2201
2917	-6546
141	118
1894	-4055
3941	-8120
5011	-2214
835	-1360
4669	-269
4493	-90
3417	-445
1817	-2211
3635	359
401	321
1534	253
3439	-42
1620	-2742
1315	149
3666	169
4180	-488
3173	-2103
3947	-3479
5188	-3008
1084	-2448
440	-1450
3416	310
2272	-449
114	-15872
2796	689
2303	468
4371	-934
3073	-2011
1666	-4519
2703	-6916
2253	-2435
2744	-4503
2447	443
520	440
1362	-3247
2142	-9158
2793	-1404
4712	-674
1456	-4282
2479	-1045
3212	-578
4448	-1326
4636	381
2274	-1271
869	363
3244	-746
768	-963
3842	-3003
4033	-7631
2980	-530
538	-484
4903	-2417
4976	-30
3105	-171
348	-2093
632	-266
1455	-7112
3919	-679
176	-1379
673	-2043
597	-3463
3853	303
4403	544
669	-1954
1135	-10681
4142	285
1724	-3950
4998	-1522
2287	-6182
592	-807
1420	-514
1503	-2059
2407	-3739
2185	-2147
2845	-5468
2682	-2271
4796	-1919
4314	-3726
4675	266
5153	-2583
3807	202
433	-1509
2536	-60
3067	-2520
3644	120
1022	-1319
4488	-457
1418	17
2321	-456
3180	314
2731	-129
3328	-2178
2055	133
583	-1416
1538	-9921
1246	-97
4841	-9198
3977	318
3158	-2924
724	-373
4062	-2273
702	-420
2628	51
1506	-1951
2506	37
3677	-529
292	-2922
5126	-519
1004	303
2476	644
4069	-15282
4060	-2798
3680	-205
2324	-8112
2491	-1083
1950	-29114
2969	-3410
2019	-5917
1690	765
4115	-7373
1322	-1147
3081	98
2907	-811
2224	283
2510	-2417
1522	-1131
1265	-1328
3056	-2202
4005	-968
1754	-35743
1300	-582
457	-3687
4833	-293
107	-1326
2518	-2637
4086	-4823
3721	-3388
937	-6447
3759	128
3912	405
1874	-3596
1802	-915
3161	-892
709	-1948
1211	-208
2683	-2176
1911	900
3268	79
1305	-997
1198	-247
1563	-3071
3137	-1495
2146	-942
1869	-1212
4641	689
3627	-259
3133	-2907
508	514
2648	-4089
710	-179
1	-9986
1924	284
2052	-1155
3773	146
5203	-1946
1210	-39
3583	-9083
4726	781
5173	-2262
5088	393
2951	-288
2519	-2338
246	-161
1681	-30
2864	-7213
2430	-2618
3306	-3017
2847	-2845
1540	-847
3792	458
3106	-587
5064	-1098
1064	97
1077	-1048
2825	-4290
5111	511
4780	289
1151	-2584
4547	-3680
254	-3629
4644	-850
194	-2404
4599	-1515
2443	-3711
4043	131
1949	-466
918	-5131
500	-1209
3630	-826
3080	-231
1968	-1537
1247	-2953
742	-19
2048	-6597
4570	-2318
1941	-1819
1752	-1030
3801	-2255
2279	-42
3949	-943
4947	-432
3534	-2347
144	-1343
3279	583
4522	210
2072	-1309
4411	-507
4766	-9602
2450	702
3878	-4921
3063	275
1598	149
2021	-1525
4807	-312
3695	-17
2295	-947
4394	-3371
2449	155
2164	-237
2810	-1035
4848	808
19	-1367
3077	-2248
2482	257
2552	-2979
3614	-232
1185	-3340
60	745
3184	-4822
596	58
491	-896
2927	-27
5201	-762
3486	371
1128	-730
3982	-1425
4640	-308
1798	-198
4213	-2635
1843	-783
137	-1331
4744	-523
1565	649
1711	-1680
1550	-6295
2968	-1469
2082	-270
3814	-3835
3739	341
1589	-2545
1852	-2308
2760	642
3987	-411
5045	-935
5146	364
2334	-5615
1085	-21850
4226	218
852	-148
1528	-12828
2063	-5887
5158	-11379
1320	-142
4542	-987
458	-859
979	76
199	-3398
2974	-3245
5106	-3625
4690	-47
3782	109
1884	-1862
4124	-1511
1309	-472
879	-147
1630	894
387	-2741
3727	-2297
3710	-402
2154	-3154
3969	265
4693	-538
1603	-2912
3613	-612
469	-287
949	-334
868	-182
1438	-3329
3122	362
1966	-1738
1484	-2560
1203	214
483	-8395
4182	-7523
2203	-2001
850	-3344
4250	-652
967	-3124
1054	818
3736	-4622
2745	506
4465	-3050
1516	-2854
4795	-3097
1832	-9194
3558	-2342
1366	-7867
4586	-564
1604	-245
1737	-415
106	-7778
2304	138
2756	469
3604	188
1640	-1767
2949	-1244
2009	-34227
3389	-102
1936	1051
833	78
2722	-1090
4753	-80
2616	-903
5091	-1114
3896	-4755
4875	-6907
218	-1946
3600	528
4917	-1986
680	-4635
4672	-19911
565	-532
1251	296
2512	-770
3765	-372
1180	-4688
528	-6259
2679	-782
1625	-3160
279	42
2001	338
5034	278
3443	-2028
4259	-43
4450	-1906
2025	-2849
1903	-773
1905	-2861
3397	-3897
5267	-6599
1954	-40
890	-61
2838	-5140
378	137
209	-1240
4440	-108
2645	-12233
3230	-20630
593	-262
2118	1962
3852	-1583
5242	-20483
3546	-2216
2808	-81
4388	-243
4909	-1055
447	-5321
699	1048
628	-850
4346	236
4928	-469
3597	180
3382	159
1665	-11451
4247	-10247
1854	-10013
849	164
3098	41
5044	-1530
2807	-214
1687	-2460
903	-287
2007	-427
3957	-1068
1350	-5472
2225	-768
4838	-1078
1298	-1786
5117	-1890
2751	-1213
4128	-1547
4588	-2166
1371	-3300
1725	-10033
886	-1308
1477	-554
1779	-1362
2680	-5678
287	67
812	-1025
3863	152
1662	55
1207	309
4046	-21107
4360	-2292
5159	-2862
5278	-1419
3753	-1317
3740	-600
2438	-2007
2500	-4408
2562	9
3851	-868
3356	-1226
580	770
2982	-1243
286	-1974
1788	-17
4814	-1149
1897	-8408
2232	15
2151	-1773
2743	517
3661	-516
1948	401
5130	185
2885	-54
4456	-4127
4670	-3958
883	-3750
4610	-2016
3048	-472
2441	-59
1034	-992
2764	-1691
2227	285
331	771
2976	527
3932	-570
2210	-2148
5053	-982
4026	557
1447	-2060
4974	-748
445	526
4353	-286
3951	-316
1432	-8537
3188	-37
2910	478
3427	-822
221	-984
541	-2107
1659	821
3876	-4113
1578	1421
2188	-1583
2929	-809
2245	365
267	338
3003	289
844	-147
880	479
4165	662
2008	-447
4449	78
3275	645
2984	-1593
3995	596
4251	-2640
2276	-1482
1353	-1122
1228	-213
35	169
1939	-2467
3224	-4586
213	-1205
2333	-1595
4077	-889
3803	-908
677	-4214
2235	-178
1709	59
4752	-2260
4435	-232
964	-2224
2183	-84
3178	29
2861	-844
4992	-717
2352	-476
1488	670
2145	-1514
1716	-1538
2344	-1111
744	114
1718	-171
3431	-94
2106	-1047
308	630
3693	166
2834	-256
3017	-748
736	-165
5156	-10
2329	-535
2033	-523
989	-3601
1471	-869
2574	-7252
1917	-1685
3159	-1177
31	-2424
2782	1789
1962	372
3458	-869
4126	-378
3296	272
174	-128
4191	60
4575	-4415
3037	-21869
1736	-8502
5136	278
3674	445
1070	567
4501	-2057
400	329
4047	-690
4820	-1854
3455	-1698
4463	-3042
3656	-2634
1819	-2181
4804	-1269
4423	-1102
4073	-1674
2523	-7227
1758	-1933
1892	-347
1732	-840
2963	-67
2555	-213
4263	-500
2762	-2969
1487	104
2945	53
4081	-83
2712	-188
1018	-1180
3985	-697
3257	-876
4355	-808
3777	94
1467	-2170
2872	-31
2413	-23209
3961	-1985
204	-14797
1900	-1625
2602	348
4832	-2018
5006	-3544
3601	-208
3907	-1737
4602	-242
1526	-423
480	-108
4102	-5531
1130	-1317
4344	-11915
4217	-1428
1657	1707
3825	-1489
3631	-5668
2335	-999
4322	197
1890	-1323
3832	-660
244	281
621	-3721
3618	-1379
5024	-2365
4781	-4907
4306	138
5161	-4335
2767	1042
3615	-1129
2908	-2187
647	615
2004	494
414	-22
1269	-1227
2729	844
470	-748
4584	-3936
225	259
509	724
2064	747
2208	-1220
4295	-11402
691	-2044
2973	689
3964	-2715
71	-52
3299	382
2595	-1384
4604	-10744
4078	-5383
1282	-386
2665	-2831
4995	-16744
963	-1795
1216	-2812
2874	361
1739	-1352
2199	-235
5224	-76
1159	-2293
2882	-3572
4858	-908
2219	-5
2559	-3669
4223	-4839
2043	-4252
140	-1766
4276	-1723
5259	-2957
5	-4189
4907	-1411
4374	-1459
1178	-46
3491	401
3495	-799
2336	-4623
2692	-716
1745	753
2832	170
2297	-172
1937	-4474
3647	-289
4270	-6135
4660	327
3248	-1940
3303	-125
3095	-299
2134	-202
5247	-1558
2617	-2021
4212	-2843
3404	-2792
4920	12
1141	407
5215	584
1072	576
2027	-6292
3809	-403
3135	-2934
2584	448
2790	523
864	86
1444	-1181
386	220
4511	-1319
1896	-988
1368	-3058
1549	66
26	-3966
4908	-1113
558	-1076
1164	-861
2788	-1025
3001	-897
5166	-3479
5076	-1557
1103	-1479
1220	2311
2589	58
3866	-119
3288	418
3979	-1604
3036	-2898
2339	350
2487	-2038
3192	921
3280	595
2637	88
795	-3234
479	-72
1394	-3629
1062	-476
3828	228
774	-4813
3396	191
550	-6446
3227	-1323
493	-1529
4779	-5018
444	-513
3547	-3192
1782	-35082
2698	-5464
3156	488
3676	-4135
3946	-2572
443	-1083
2107	-4957
2612	141
3925	-2520
1586	-1997
3859	6
3606	-5542
2937	-902
4606	-1401
4571	-9262
3449	285
3891	-3791
1694	-23888
3713	-25
4309	-2139
4472	242
4301	-1720
289	68
1458	-35191
4855	410
4594	-1249
2393	-2110
4828	-2572
2402	-387
2613	396
4308	-5850
3902	229
211	-1166
3797	-815
2080	-4773
1829	-2439
1137	-36691
755	230
150	-2663
1005	-1063
2196	-1416
5220	536
519	627
5265	-6541
3594	-815
1408	-1179
497	238
8	-793
4819	-3915
4870	-1020
3507	-1017
5217	541
797	-2415
4381	-1089
1888	-277
1059	-2442
4664	784
3485	-451
920	-2198
4075	-174
2655	-5905
1793	125
4452	-1385
335	1135
1834	-787
4079	-1001
4761	-54
1982	-11798
3044	-3969
3678	-201
3206	-4213
1334	-1516
3093	673
576	-42123
3032	876
4482	-3974
55	62
3344	-1314
1168	40
197	-3713
1194	-1279
2120	267
4843	281
367	-6256
3999	-9405
2898	-3661
5251	299
2090	-980
904	-18
2750	-1293
962	-3775
302	-576
1161	-2755
3094	-3688
2511	-321
3649	-132
110	-8425
3905	-1553
4120	-1229
668	-2520
3057	-326
4856	347
3398	-4401
1842	-2336
2207	-1046
1333	-531
718	-210
1974	-107
4560	-3956
4939	-3837
2093	-1695
1313	-6893
4790	-474
2424	-4113
4627	378
122	-2576
4915	205
3940	-5228
2631	302
165	-721
45	-856
5125	-120
4878	-989
1810	1532
2490	-2688
4162	-1758
4244	-789
1329	-2097
356	166
1720	-902
4758	-335
2544	-9706
3730	-1726
374	66
2540	-1776
3543	-305
3019	-906
4286	-472
2375	-4173
642	93
3142	-2728
3428	-782
5200	-3735
3395	-355
3927	-13966
2173	-2612
1275	-3857
789	-75
4668	-3543
2480	177
290	-148
1712	428
5249	-16569
406	707
2708	-1140
4010	654
1317	931
2457	55
1804	491
4205	-92
1691	-1067
4772	-2666
2583	-781
5017	-1231
3914	-1833
4724	-2760
3726	21
570	-2815
1012	-2293
1187	-1424
1115	-363
933	-5754
1461	-523
1399	-1954
4013	240
4868	661
2531	-99
4468	619
3403	-31843
2843	136
5210	-338
2955	-5989
2243	-1969
499	-980
2079	267
1078	-760
411	-1931
2205	-2014
1149	-287
2326	-366
539	-1193
4859	-1010
2912	74
4699	418
4442	-3429
705	-1554
2420	-290
1542	-63
1783	-3334
1707	-1247
4886	-2447
4625	-32
2826	-2744
417	-1584
3671	-1296
3474	-3553
1010	-3865
2187	-3146
2822	-180
212	272
3387	423
3880	-4229
615	-6686
4497	559
578	-3481
1987	687
3843	66
753	-110
494	272
357	-74
838	-3853
1192	-1470
3432	-973
4880	-3120
3256	-261
1416	-3624
4918	805
98	-5478
1440	-11
515	-953
4158	-3798
1127	58
5234	-8906
452	-12571
826	326
329	278
206	-280
2204	-3591
3384	205
3700	-2629
4283	-1586
3020	-1826
65	-1485
3718	-1182
1814	-35274
4340	-2379
4257	-444
1138	374
894	-1428
3201	-456
4960	-670
4874	-157
3598	-620
1435	-2947
1768	-1193
1525	-482
5168	-1879
4654	-1119
1226	-227
2370	-4074
5255	-5221
786	-75
4678	433
4735	539
701	111
2383	612
224	-1593
2255	-450
97	-1574
280	-118
1774	-413
1773	-1919
995	-20492
4121	74
30	-371
2226	-1319
4527	-7169
4225	-883
5237	-25422
3181	-1232
3761	1294
614	-562
3477	8
4119	-1045
1229	430
4416	-2515
1217	-817
1096	-1579
2285	-586
4926	-1356
2886	-130
3420	333
1713	-656
3924	294
4987	-3238
2143	-3305
4507	284
2799	734
4904	474
2364	-169
2256	-464
2031	-3335
4824	-505
3665	178
762	-4313
1912	-1994
4020	-1642
2379	-346
3864	-994
4256	87
3216	-2944
1285	-2545
1482	208
1105	-161
3898	-2574
167	-3593
2177	-1623
855	-1096
396	-457
3675	-1756
5189	-93
4429	-1740
5128	68
3278	455
2061	-315
3379	446
4287	-3260
2774	752
1517	-1923
4763	400
4325	-1430
2888	-1522
4938	166
4334	-23
1553	-987
2186	-437
761	-914
5074	151
1984	-2256
2045	-3801
4736	-3625
1557	-2148
3981	-86
3293	-189
1197	-782
4590	-14497
1853	-322
3234	-4353
3959	-4518
3007	-1719
2495	-4918
1125	-1356
1708	-1003
2614	-623
3038	-1782
1094	-2346
3004	-3992
1003	6
3771	-4880
2478	-271
3354	-24
581	-1511
2381	-1075
2056	-3476
4905	210
1189	-3871
183	-1438
2533	-2789
3497	-377
354	-1897
2022	-10913
1860	773
4243	245
2365	-177
2786	-6449
1661	-8584
927	1227
3778	67
3326	-118
13	-2505
2699	-5041
3374	-584
3646	-1535
23	-1528
3469	-67
4768	292
4823	-561
3126	-2330
842	735
3526	-167
3065	-498
2323	-857
3743	-887
3576	-14171
2873	135
2569	-1088
3724	-570
810	475
3149	-1711
180	-6541
4698	424
1791	-60
5139	737
1075	-690
3846	-481
4402	-7337
1902	-1837
3371	-139
4653	-2440
3493	-1759
2458	-1399
4200	-363
1501	-2143
4553	-3297
2391	60
2042	-1183
1450	-5003
2191	-257
1011	-2481
1675	-921
9	-2858
1268	266
3760	-152
4645	154
5227	-521
4799	-318
2139	-882
1649	-7929
3140	-2941
3692	-1238
297	-595
4633	-141
2733	136
4327	141
1249	-89
5028	-624
4473	-600
5195	-1057
1245	-6304
317	804
717	-16
2663	-1881
1116	-538
5039	-207
1445	-16466
788	-2745
5059	-2739
1619	-1509
1056	393
4341	-930
2823	-8403
3179	164
1584	-1010
3022	21
410	310
4349	-2121
2734	-58
1846	-6869
3273	-508
4049	-5828
2875	778
748	-1354
2092	-3447
1607	-1567
2461	-3326
446	-1247
905	318
2876	-1047
4717	-15540
661	-2031
3231	-11219
5081	129
4647	-1564
340	-4282
397	1000
1635	156
1590	-80
3668	367
2991	-1189
3980	274
813	-839
1016	-1043
3031	151
3157	-531
76	-39
2568	-3391
2610	-433
4045	-3869
2725	796
3272	859
3304	704
261	628
3596	-1664
2740	1483
4999	-4213
659	-2628
2507	-18823
5085	-2992
4140	501
3311	-4233
3121	-744
3840	602
463	635
2034	-3243
84	-4442
4559	-2332
3650	-1814
769	-719
2591	-1594
3029	420
2150	1174
2353	-1039
3625	-1078
1733	189
3211	-800
2695	-303
4603	-992
391	71
190	-6442
1290	-2900
4750	-2430
4323	263
4157	-2635
4311	-2780
3401	-6370
2058	-1650
18	-178
4837	520
5127	-3008
299	278
4731	-1045
3500	-2269
2956	-8198
4426	-3154
3815	-1354
2657	-5937
3922	-1121
977	-1642
2389	-4327
3402	646
3254	-138
1600	-2490
2244	-1362
1963	-1508
3861	2
1518	-2882
1030	194
1231	-366
113	-22630
4469	153
4718	-492
2688	-779
2526	525
537	-4969
4889	64
3360	-2963
1158	-1974
4065	425
873	1366
1097	169
5035	-770
304	-6102
4579	-1443
2467	-606
1995	-1191
2215	269
2598	-734
405	-857
1536	-1213
3190	-919
4846	-576
3320	-3056
567	-199
1692	-15953
1569	-278
2830	-23570
2986	-1617
2248	357
5070	-817
4167	-1131
1727	259
5033	124
722	481
1877	-3221
2076	-2144
3887	-5062
622	-7836
1946	309
451	-1275
911	339
569	-1742
4694	-567
5010	700
3750	1074
4434	-4099
5140	-2465
652	227
1751	-2917
3085	175
2537	-158
3051	271
143	-2981
3950	-6883
526	-6734
708	-2128
584	-285
4316	-1128
4384	170
1051	-2910
4364	-33256
4068	-454
2685	528
1215	-110
1212	-2887
4331	-4170
3694	-1288
1568	-627
5031	-833
4009	-1663
2641	-10717
4054	-2119
1387	920
2675	-3435
3041	-3049
1685	-4877
1740	-107
2247	-113
2282	-1170
2283	-146
2269	-1769
148	-1298
4152	-2138
555	874
381	-2725
2948	-3895
660	-9279
4953	-2
3856	164
4783	-1317
3346	-609
1267	-46
4562	-1466
2057	-1061
3436	-9263
793	713
61	-240
5114	-2839
1327	-5166
2664	380
1509	561
3375	-717
965	-6975
3130	246
2892	-1117
4624	-240
3683	-728
3141	-4799
102	-1853
1701	628
861	-4145
2835	-3426
1841	-2344
1731	-5299
3422	-444
5174	-2838
3788	367
3378	-368
4108	109
1530	-3019
129	-4158
3686	-1110
5240	248
3860	100
4333	-4140
3515	213
4572	-1526
4740	-845
1274	-1326
1413	-937
1749	-292
3519	-710
2014	-10014
3138	-3309
906	-985
1755	-1404
188	-1230
1994	-4726
4156	-480
2520	-380
3766	346
1602	-4271
1524	-1348
2920	-1211
1328	-2375
3445	-6972
1637	-7548
2264	-1346
403	573
1742	-212
2909	244
2704	-1764
2020	-1234
696	-2663
1109	-861
2193	436
5003	-253
2859	69
2119	-1162
2318	253
5007	-1245
4240	-7337
1403	-1260
171	-8482
1656	-2636
4671	-767
4943	-902
432	356
2089	1324
960	-1414
4058	-2733
2497	9
4275	-828
3640	-3275
916	-1506
3383	-1930
3342	-189
4354	-4860
2894	1182
4338	-79
2317	157
2138	-628
1920	109
123	-2561
1800	-3304
3712	-325
3626	-4508
2919	-7294
4034	-1963
4475	-978
4363	19
3285	-3215
2228	-1288
2160	-1639
4544	-4145
5164	-1296
4648	172
882	220
2137	-2680
3406	-3500
3492	149
3319	-931
2114	-75
4144	1001
582	-1350
685	-450
4398	-8952
2780	265
271	-1369
4057	-936
3490	-1481
1150	-1373
730	-889
4962	-2638
3242	-1526
2633	-279
825	245
2587	527
104	-668
3441	-3829
3570	947
690	-955
3274	609
3918	-5465
3418	429
4	-2585
315	558
809	-1103
631	-152
787	350
3410	-838
1825	-5141
2425	590
3505	-1267
3236	-1664
467	-535
1859	569
2024	-3025
1397	-1910
5182	-556
2700	-3237
2818	63
4280	-2413
2926	-1274
2258	-574
2748	-256
1319	-3112
3237	-1948
3634	-434
2684	-7971
3723	299
1183	-553
4782	-2833
474	-2432
5071	-7197
161	-8993
4722	442
4983	359
2354	662
93	-20531
4219	406
1775	-2086
4083	-1030
612	-1913
3078	-934
1682	153
2959	-5014
2953	-2469
1446	-11060
564	-51
2189	-1457
1515	-2565
1632	-551
5244	-559
187	-557
4696	-1106
4691	654
4902	21
4282	-1773
2593	63
3967	-1353
2585	-1373
5086	-6815
3522	-1789
4893	139
43	-2168
3909	-1702
346	-1689
4199	-733
4616	-1257
4234	-7476
3196	-833
3829	686
4123	-1258
5241	-29755
472	-1064
1873	-1116
2749	-2780
2626	-799
1641	-196
3097	-1042
5020	-74
2940	-5247
5205	492
3405	-1474
4405	-5452
4467	-1225
5228	385
2877	1003
3533	17
3550	-1337
4684	-749
2620	52
1700	-512
715	-81
5196	-108
1171	-459
2220	-218
4789	-2126
2136	-1666
1771	-4951
1573	772
5170	-1942
4427	-5228
438	-5235
620	-3
2639	-3689
2454	-2267
3768	561
4248	-262
536	-3971
3794	-1667
4099	-2157
1595	-3794
3520	-3805
1757	-5453
1856	-1949
3660	-369
3574	-10074
1129	-7369
127	-2640
1219	-2544
2878	-977
3487	-261
2779	412
3577	-15870
2840	82
2266	-1470
2349	-78
996	-2174
588	-323
1055	99
1702	426
3837	140
1009	-539
1989	-9016
542	-2235
3015	-136
4149	730
3906	-2312
1050	-428
78	-3312
5067	-637
1321	-359
4803	28
1803	-1923
3453	-861
2900	542
3264	-2360
4985	-1438
1213	447
4400	-5745
5118	305
4356	-295
3857	-1682
69	-2507
3808	-1146
5102	-5841
2852	386
714	-708
172	263
2135	-722
2238	-469
2446	-631
4614	201
370	66
1087	-2006
2039	-551
1492	-852
239	-12021
635	317
1356	-7435
1014	-3411
5181	-268
404	940
1673	-2339
3053	-3831
681	-1835
3286	-818
3318	-913
3965	-1031
441	-2984
4357	-677
4836	385
507	-609
4053	-9987
2858	-2861
3708	-1194
22	260
1489	-11130
4888	-5518
1504	623
3348	320
2162	-2923
4395	273
1257	30
5027	-1531
3269	1076
1940	-1435
2732	564
1065	-280
626	-14294
5194	-310
1117	-661
1332	-962
781	116
646	663
1136	-1641
1035	-767
1383	-2272
1302	-1324
3548	-3839
2332	-1155
545	-314
3451	-1475
3611	-3928
2385	370
630	99
5152	-4551
4367	311
3239	492
3514	-140
2765	478
4253	-4108
2201	-6297
3024	844
3351	153
629	-5140
2863	592
237	-3778
532	-1551
3762	-9469
3769	-1239
4032	-2013
3316	-612
1529	-1937
1460	-123
163	832
1505	-2462
1404	-34807
2345	-729
2759	292
595	-1102
2606	-26693
2836	-354
1722	-4644
4714	754
3421	12
2315	529
3602	-1330
3697	108
1398	-34
2070	-1347
3481	-2538
216	66
4299	-3778
2411	-988
2284	102
3270	597
908	194
4117	-894
2819	-866
3781	-1636
4348	199
2630	-1328
2156	-1446
3116	-1238
3732	4
5171	-2820
1703	-2650
2895	-2127
2643	-2462
4221	-1281
4563	-3710
2217	1241
1498	-353
4514	449
2268	-1665
5219	-260
2820	-17217
3527	-1234
1784	-4096
2804	801
15	-313
1090	-10562
4112	-4184
3698	-2484
1992	-2355
5229	-3821
4730	-3616
3424	-287
377	-2416
807	-7690
776	128
1878	296
11	-7529
4981	-25288
3373	58
1421	112
3070	-718
4756	269
4476	-31
3643	826
4978	121
481	449
2615	-1216
3018	-2865
5046	-767
672	-607
2465	-1334
1706	-9068
3523	-3137
2933	-1084
33	-808
2132	-4082
4535	-1375
4150	576
259	499
2320	-60
498	-2707
2163	-3431
2812	-2308
5087	-2111
240	-293
2301	-2228
489	505
1132	-432
1411	-1945
376	-646
5097	-1618
2928	-4367
2174	-1031
64	-15457
4713	-1091
857	-2114
2159	-1464
2131	-546
3785	-1689
1221	-341
3023	-1643
1824	219
2468	433
3411	-606
773	-182
3667	-305
25	79
999	-3361
4967	-662
3335	-151
4593	1164
824	-1391
1113	-19546
1592	342
3865	239
4825	649
439	-4637
1195	444
1475	-386
1306	-1816
2299	599
3462	-14
3993	-6374
5260	-9517
757	341
3735	-838
1452	-547
2006	-2362
5254	-1841
3083	327
4821	-838
1671	-2300
4098	214
2432	-1271
649	851
1678	-5281
3468	117
5100	-3013
618	-4923
3043	-3604
3562	-19
2017	-316
664	-3057
875	-234
4359	-1256
503	1638
3989	-508
5256	-2775
2883	53
1053	-329
4017	-223
644	409
4742	-1427
3811	76
4383	-498
3475	-1756
1991	-530
1913	-9162
2647	-4919
4377	-2605
5060	39
3820	-126
4674	133
2502	-3531
2674	-4944
2157	-2731
5051	-3951
2109	-94
4424	-2286
602	-420
4734	-3073
2448	460
1101	-8710
3366	-1361
85	-1000
3701	288
228	-1143
2459	551
3709	445
4188	-2947
5270	141
4706	209
2499	-2837
4733	-1410
1181	-3959
408	186
5187	183
3177	-1259
3913	-7123
4700	416
2126	-520
46	300
732	-1361
2319	-635
3954	-3416
2625	-97
940	-428
2325	-275
4811	-765
771	-391
643	46
721	300
1857	-2523
3340	479
77	387
251	-2774
3255	-934
3889	-7526
1652	-5216
2233	-1911
2718	470
674	-805
1891	-313
4710	193
3817	262
3502	-1136
83	-1418
4525	-2081
4785	318
2653	-2995
1865	-1659
4246	-33328
1100	-742
3241	-72
1473	434
384	-2586
5131	871
2179	-3814
1095	-5751
2689	-19626
557	-1162
3361	-1202
2977	412
4061	-2486
684	385
418	-106
3869	-3283
1076	-1269
4076	-1980
734	728
41	-905
2777	191
4148	-708
465	-592
4912	172
639	-3000
3536	-2017
832	120
3009	123
2309	23
1283	-3373
2824	-1642
4577	-4756
2644	-14280
5225	-4882
4545	-2352
2348	-494
4989	-638
4439	-1536
3545	357
1201	-4510
675	-847
4686	386
3537	50
2144	-1633
2627	-1545
3731	-7402
1344	-2072
1822	-557
4969	-1000
4844	-142
1639	-2431
220	-279
2778	-1199
3483	-1074
320	259
2410	-972
1664	-599
5069	-2363
3117	-677
3034	-3747
2792	259
4011	-7739
28	-1682
5192	763
3632	-251
1342	-491
3813	91
4093	-442
3207	16
4632	423
4835	-845
2770	-1230
249	-1322
3447	660
2419	-2055
3052	-4646
4015	-470
5089	-4203
4729	-1205
571	426
2357	-466
5275	544
3910	-5190
3966	-4354
767	-423
229	-4270
4703	-370
648	-35
3215	-884
1485	-2039
1318	-1360
1224	-5
313	-1253
153	642
896	-527
3897	-565
5206	-1642
1441	-5559
853	463
2405	-31
1544	-2404
4241	-5853
2720	-27971
4552	-3054
4063	378
3199	-1126
2513	-1435
522	-737
4198	-5523
4288	-2240
1510	-3618
783	-2148
3385	143
1463	428
3589	-117
820	-2428
295	-2198
3729	-4248
20	-3237
3446	-632
1543	-1461
4446	-2167
4236	-953
184	-688
4923	52
2300	-1920
606	-3386
3886	-3352
972	-1660
1730	-292
1938	-1729
288	-3422
3412	-2172
1753	541
926	-4241
32	-3801
5186	-2682
689	-5366
3440	400
2918	-292
2935	-827
3437	-6681
4676	-2327
4971	-1554
2957	-2860
2005	675
5002	-5222
1259	223
1024	-136
155	613
2453	703
2040	-5595
4784	-2795
3426	-78
2904	-23678
3174	-687
3706	-2491
2846	-4131
4872	-9683
4196	-9208
326	95
4626	45
763	-176
1606	-390
4666	314
4788	-1079
2747	-334
3687	-1604
2621	20
103	-1249
3893	-4340
3874	-2930
1392	-18461
3479	425
120	-1968
366	-4669
4607	-601
4096	-3401
3314	-3428
4447	-8846
4088	-1548
1308	146
2242	-1146
3062	-1150
556	-6519
3513	-1538
5041	-664
1027	-3265
1241	-409
1384	-2749
3217	-1374
4258	605
2938	126
5230	-46
5105	-4560
2998	-453
4683	-323
3504	-1567
1200	-669
637	-3113
1375	-4525
577	-3091
3705	376
1391	-256
4130	827
3026	-5446
1367	-2193
3488	-334
2254	-514
5212	293
4797	207
1695	-6947
5245	-20
2550	-2073
5000	-3095
4850	-1659
3055	-307
3071	-997
3529	152
3350	192
2081	-81
4526	-42
2860	-1108
5113	-3804
306	460
2417	-1672
146	-1388
4064	-1731
4237	408
3883	-6208
2222	-670
3571	615
3960	-1040
1677	-10983
1153	-178
4725	-4114
893	79
415	-8
3166	-532
1102	-541
4138	-1265
4595	-79
2525	-193
3006	-2439
2534	-858
2528	-2387
434	-3216
3984	-1536
2855	-20024
619	304
1744	367
1743	-154
3108	-348
5023	-1305
3091	-838
1647	-1165
4566	544
2952	-3618
2015	-3223
4737	-2697
4184	-128
2084	-6986
1015	-285
2012	720
492	-2082
3205	-7313
4415	-7880
4202	-5687
1107	-1789
3943	-3738
4723	-3188
985	-829
2434	221
1953	542
1925	-1778
3796	-17685
4565	-3513
2046	-383
563	389
2249	-7597
309	682
1218	-121
2669	-7026
1511	-3534
1777	-7618
4822	-836
5175	-13
1155	-21147
1110	922
4990	-7071
437	997
973	-17418
5209	-126
4229	-461
912	-700
4012	-380
4847	-124
4521	-3070
3578	-3902
5123	-3033
3581	-316
4271	402
3245	-1738
3010	-5048
1252	-34
1372	313
2169	-2859
1271	384
3921	-2638
117	-6994
2579	-459
3096	-2100
2038	-363
2483	-910
327	899
3895	-4596
5073	-734
1063	321
1008	-897
4946	205
5148	-2913
514	-137
1746	-5795
4401	-4839
156	1050
4897	-544
4964	287
547	-5534
2265	-902
133	-4075
5257	-22039
1264	-1181
3284	-1376
1191	228
2	-4653
5036	-1479
1851	-1066
716	-1744
4578	-6172
3823	-213
5099	-2451
1867	-1682
4555	-1500
2289	-574
5026	-10793
1184	-1120
2049	426
193	-728
4692	551
3939	-2109
3011	-1265
3370	-641
4919	-607
676	-2053
388	-237
2036	-882
2342	293
2392	313
2397	-1133
488	-7463
1728	683
992	-192
3944	241
2158	-3043
3521	-1817
1232	-4354
4091	-1830
2623	-1632
2972	-3008
1089	-1393
4549	-2429
1847	-3548
66	-3336
4206	-3179
2129	-2269
1583	-2367
2611	-565
4569	-814
4122	-93
496	-551
1443	465
1634	-599
2899	-1216
930	-1445
2632	-2240
899	-105
2053	-4368
1845	-135
3789	-6736
3800	-1061
1951	-785
42	-143
950	-6493
3336	-321
935	-720
1815	-2190
3516	-1169
173	275
3535	-279
4443	-2729
242	-35487
3776	-281
3970	-304
4127	41
2939	-2109
1942	-49
3377	-34743
4536	-8811
3341	330
3200	-1554
4984	-1910
523	-1061
889	-861
3334	-110
3996	-2162
4368	-2049
2504	-7046
1381	-4394
3352	-409
368	-6675
3069	-928
1126	304
2965	526
5014	-457
459	-1859
573	-564
3510	-1420
2398	-179
3471	-1064
655	468
1157	-2409
4760	381
4141	-1363
4831	12
4587	498
4854	486
1326	-396
1764	-1497
4961	151
4500	-2556
830	201
1614	-4921
3542	-775
679	-1130
719	-172
1766	-2352
1255	-9539
119	-2486
5226	-2781
840	1090
57	102
21	-515
5137	-1951
2069	-3276
4161	-6315
4810	-757
2452	-5
2902	-2941
2542	-4537
3498	148
5218	-884
5049	-1977
560	-1431
2941	-1881
3150	-4969
298	-1315
822	-1600
3844	-1578
1120	-1080
589	-1024
2715	-1887
2115	160
2368	524
214	-875
4802	507
1373	-1110
132	-3034
1551	-1125
1574	-17
2206	-2304
3082	-7
2028	-2488
609	-926
4849	-1927
3638	-1991
3767	696
191	-1548
2524	-2898
1389	-4168
1104	48
2105	-1335
3249	-923
4001	160
4387	466
5135	274
5021	-260
1480	-89
2934	-1901
801	480
2003	-15
3552	504
3868	359
3219	317
3787	-1269
4615	-2424
2140	-964
1956	-7917
4489	-63
1123	-477
5009	-1518
4203	313
1354	-4641
3046	-37
1875	-3126
5271	-961
1430	59
4453	312
2634	-3617
2414	-847
3655	243
88	-2325
2492	-894
1729	224
460	83
343	-9010
958	-2310
3637	-688
1278	-1126
2197	-681
1190	-2372
3795	413
1908	255
4582	-1811
2787	-1474
3746	-495
2286	-1913
3258	-1732
4509	1250
4312	741
5155	-1068
4254	-7617
2880	368
3931	-28364
3937	-13710
4534	-3015
4580	-2074
4265	-3339
1258	-1045
482	190
2310	-278
4432	-436
4801	346
2102	381
5082	-205
166	-447
3689	498
147	-3162
2035	-959
1422	-2618
1470	-1218
1519	434
3391	-889
3372	485
806	-674
1186	-4631
3049	-2355
4921	472
2754	-1855
3560	-2088
1952	-1958
766	-595
301	680
1556	-1429
2496	-18445
2844	-954
1499	430
4181	-5254
4876	-1422
3958	-9933
125	-7324
1073	-4793
3986	713
3915	-4107
3621	-7944
1840	-1009
3752	-2115
5149	-2625
2805	-2727
1823	-16161
877	69
5162	337
252	-255
2870	10
4000	-149
2171	-4293
739	-1837
2735	-4052
727	-1820
4869	569
4487	212
779	142
1144	-1141
4362	307
2229	-722
3714	-1640
1871	-4885
3408	207
5191	-325
2096	-1329
4738	-4438
1114	-31628
1821	-36
1162	69
3484	-675
3972	-3429
4269	-2109
4183	-1669
2387	947
3508	751
1760	-3923
611	-890
3928	-2671
2516	-13083
3281	-1079
1358	-1842
4454	-2850
5277	-2009
3539	-721
390	-601
5243	-35338
1429	-620
3266	276
3715	182
4233	-3203
2184	-594
922	-801
2656	-1797
2947	4
1533	-629
1531	444
5122	-238
3935	-1711
3818	-1099
3763	-2995
1672	-598
2921	-1540
1668	-26537
4583	-7164
682	-731
1870	-565
3955	-4693
1253	-414
607	172
540	-760
1566	859
4817	-10722
2378	-4404
101	-5957
1060	-2905
4695	-1779
2605	-110
3414	247
3347	-5403
4390	-868
2560	-99
3033	-5660
2059	-11033
4317	202
4431	-6304
575	-22185
182	-1543
1108	-1847
5236	-5296
4437	-2523
2768	425
2456	-1038
3114	-301
1067	463
2044	-22511
4591	-2011
159	-841
3	-4514
4845	-5137
3191	126
3962	407
711	-2596
4189	1339
2717	-527
1770	-3407
4175	-2723
1293	-2008
4996	774
1597	-1192
1844	-799
2659	-10099
3738	6
2418	-2687
1033	854
4567	-3590
5280	-4527
5269	-6018
3804	569
3054	-2170
1020	-617
4492	137
506	-2225
2798	-3807
4532	-2736
2527	-1056
2200	-907
73	-2439
2018	-297
2231	-1987
4177	-4154
1883	-2918
5052	-1629
3021	-178
473	-1342
4050	-1273
5015	-696
2971	-6516
1260	-784
608	-1673
4137	-3656
1343	-4294
723	299
285	-3942
1926	-91
3541	-2255
1388	-31892
1424	-231
4358	-486
4502	-1091
274	-3551
860	582
5253	-321
4100	-331
2989	-359
462	200
128	-1827
2853	-219
4210	-21067
2996	-4320
5235	307
231	375
4774	-299
3503	-9169
2331	-2652
524	-405
517	178
641	225
3277	471
4089	-1727
1921	-1652
634	-2252
1794	-1508
5231	-15457
2925	-204
2924	-2116
828	532
4955	-1289
3568	-428
914	-2634
1454	-297
3681	320
3300	-1024
2603	-29400
1960	-1561
283	-4048
2175	-948
2416	-4789
3699	492
4510	546
270	-1263
1291	-1701
4103	-5947
319	-705
4347	-2672
4025	-1426
5104	-1620
1933	-12921
848	185
372	-1594
1910	-4211
706	427
4004	53
1296	-1172
970	-1406
4408	-6748
4118	-8051
5157	-223
2781	-461
2521	-627
2460	-203
3115	-5986
131	-5574
3983	-1861
3088	-833
3381	-517
1593	-1223
2541	-1007
561	-838
3890	-1443
1021	-775
688	-850
2466	-864
1036	-2441
4425	-8363
4433	-2499
1688	-7760
1918	-33076
831	-1014
4267	-158
1415	-2000
3648	325
5199	328
4949	-2512
4037	-5397
3045	-796
490	-4128
4315	-1548
1288	-266
4337	-6067
2288	-1126
4973	111
1428	-3477
4006	-4439
3313	-879
1969	166
1301	-10184
3850	-1975
775	436
2161	-2543
2995	-2184
3250	-419
3673	-139
324	678
3442	115
2168	392
1580	947
3165	-1952
552	-1324
1052	-3300
2065	-68
4084	716
4786	-793
5160	-2218
5083	-33
574	-3753
4529	-1369
2716	-1503
2915	68
1173	-449
4201	-7397
1289	-3322
2426	-1743
4072	-1165
3152	-1974
2360	367
3123	113
2565	-31981
2594	351
3145	-686
282	-10148
2498	-615
4972	-57
2030	-1932
355	-333
2837	95
3845	-1549
2911	271
428	247
4406	-1377
1295	-2689
2149	-2435
4975	444
931	173
3317	-293
3112	-1971
4023	162
1795	-101
2554	-3970
2758	296
808	205
4589	-4565
3942	-1077
3330	448
1512	-2426
3363	477
1723	-678
278	-727
3380	823
1686	-3334
585	425
2241	-1632
2789	-1733
1502	-4486
603	-2603
521	476
250	-1861
3657	-696
2431	-5429
3362	-816
1761	-857
3109	561
5063	478
1710	-278
3511	-776
759	-903
870	1444
189	-6774
1719	-11880
1645	-1431
3187	-309
5232	-2438
2841	-641
1442	340
1838	-3514
2291	-1231
2343	384
3016	-459
4767	-936
255	-1828
3102	837
1786	-448
1425	426
337	-2429
4035	-548
3035	-1243
3260	292
300	-2527
2890	595
394	-5495
2246	-1522
4304	510
51	-861
4107	200
4634	221
2198	-1242
5134	-310
2013	103
4932	234
4743	111
3812	-867
402	451
3325	-114
2961	307
2062	-7920
1263	-1549
1976	-7062
3185	-1327
837	691
456	-3887
3301	-1349
3654	-656
1061	-5721
344	676
4515	-312
294	-1119
4950	-1546
3633	-216
4298	-4129
4178	-2833
662	-885
686	-2889
1323	182
3873	2431
4030	140
823	148
1914	-3331
3974	-1315
1276	-5631
3658	457
4380	741
4170	269
4324	-8
512	-1096
1812	-145
2195	659
2374	416
1338	-1773
4389	-34466
2306	173
2462	186
4991	-1857
2230	-639
4421	-2040
1433	-3945
2549	-2111
4496	-1721
2673	-345
4303	255
1683	-1414
92	-2208
4986	-3549
2355	-37
504	-745
5005	-6744
4172	-1126
3494	-2880
1262	266
2515	-2453
217	99
1409	-5014
3252	466
1858	-1398
3210	-2976
1170	-4574
2726	648
3321	-244
892	-1406
3862	-165
3101	-2095
5001	-745
4378	875
1235	281
2112	-1382
3153	-3751
4721	-4527
2766	781
1439	-650
4997	377
253	-3145
5116	-75
2979	348
3624	-671
2738	-598
4326	-379
1233	-32128
2270	-1018
4925	-7487
276	-228
3425	283
4689	-455
4129	-2603
4146	-319
17	-2138
1651	-5426
3799	-713
4503	354
1621	6
966	-3771
895	380
3530	27
3089	-888
3572	250
207	-1646
3595	924
1465	-4160
4232	-1469
4330	-1970
135	-8227
5151	-681
5258	-3038
4655	-844
3903	-1414
5042	-234
4861	726
195	-2814
4289	-12614
4097	-1090
3836	-622
4505	-3635
1628	-342
3012	-730
2567	-2322
1058	-7239
3262	475
1945	-2423
2773	-8412
5176	-349
816	-431
5029	483
3775	716
4328	-3380
3525	-5059
420	-2650
2806	-1743
5120	-53
2263	-537
3472	-2126
4891	-161
1799	-737
4656	172
2152	-1075
5179	-6957
3136	-2336
1646	411
1025	-3170
2817	-2617
4245	-2586
312	9
4558	-1756
1596	-1606
5274	-10281
3068	-1145
4044	-7600
4481	-2301
874	92
4613	127
1188	-2730
471	-321
2369	-1699
5101	-1592
5022	-723
1139	-5995
4419	-2386
1346	-1919
4596	-368
858	-712
3292	211
1497	-4059
2813	-31223
1636	217
1868	-253
2026	-1533
5079	16
3509	-74
692	-1265
1680	-30169
3629	-2269
3433	-347
1339	-689
215	-983
2592	110
1361	-2260
4192	-411
1944	-2498
2827	-8836
2654	-255
3129	-29891
983	-2544
3386	-76
1448	-3089
2999	-3877
1469	-1975
4621	542
2077	-1569
3028	459
3435	-2907
50	-5140
87	-656426
1118	-1667
12	-1253
3039	-4381
2002	-7467
4812	-188
96	-7233
4171	-2251
4629	419
2433	-194
1355	-6502
4794	-148
1881	-577
3209	-771
862	341
258	-6
4284	-2813
2721	-388
934	-1494
379	-1300
2960	-1793
90	-2878
3084	-431
3457	-2516
5018	157
2240	-303
1929	420
2854	-846
2946	-6175
1390	-6508
5094	-6100
1669	-1420
3014	819
4642	-549
3099	-707
1483	-1857
2889	-135
210	-3857
4484	-4244
2395	-517
1037	-329
2281	-1500
3499	-1846
3193	-1353
1147	-2258
2166	-1363
1820	-1446
3975	368
2577	-563
2292	-1353
1985	566
3240	947
3682	-7274
4329	-763
746	310
5150	-1997
1882	-345
3669	-656
3271	587
5124	469
3636	-1437
1294	-754
4963	-1004
2668	-1126
4661	250
1491	-1980
442	-7629
3579	-2031
325	-231
2930	-4570
3751	-2000
600	-840
2302	-68
4956	-208
1374	-1081
1369	-8184
2377	-190
2311	-684
4677	723
236	-599
3848	512
4704	210
241	-944
4520	1481
4031	192
4208	-2660
5013	-1782
3885	-26489
3849	-401
4770	23
3100	-874
5169	-310
4940	470
4281	-12976
2966	-1145
2010	-407
1287	-3626
3929	-1504
1419	-4898
4968	95
4597	-1746
3419	646
14	-1707
559	-3128
1172	147
3556	556
695	-6404
4413	218
1148	-5833
2373	391
1122	-796
984	-335
502	-4723
1613	-666
2400	-4646
2829	-871
3779	605
1898	-1188
4635	865
1434	369
284	-7605
1831	-5884
4343	-1484
4409	-34
2182	-5587
3742	123
568	-2035
139	217
1889	-6975
4759	-979
2071	-1128
4169	-2897
2746	504
2032	-4655
201	-2360
4460	-1733
2376	821
4051	-2433
4617	671
1970	-555
2741	786
3476	-1098
2037	-5510
3734	-13920
3478	-959
4952	-1014
697	-863
277	443
3027	-150
4993	-11589
3058	-332
56	-613
5193	323
2180	-1236
1490	-4043
100	-1574
932	-4391
1364	-406
416	346
4279	-9754
419	-717
345	-1962
740	189
2943	-5586
5178	-6998
3388	-1316
1626	579
4135	-5733
693	-819
2401	358
728	-11613
3623	-3228
2223	-1353
99	-818
1376	-8503
1839	-2617
5261	-216
3532	424
2444	-1912
5138	-523
3916	-2025
1959	-10138
1040	290
4002	-1471
948	32
3213	146
2472	181
1196	-21105
4268	-1879
4550	18
3107	-2576
2561	-30109
3482	-6629
2985	-1570
1431	-29604
2850	-753
4922	-793
3717	107
1049	305
3251	850
4805	-1534
177	-3875
1585	-3349
817	-566
554	-5657
1811	-1749
3040	1046
1112	-900
1086	214
1581	-1770
4816	-1375
2296	-821
3294	-3251
4708	-1291
223	-21641
74	-16875
2992	-1708
2366	757
5037	-2520
3663	149
2481	-3049
3822	-97
2737	514
2848	-285
1325	352
2078	-504
44	-752
2316	69
5147	338
1886	-954
4839	-8036
1977	-2134
2066	601
262	1010
3287	-2853
3841	349
1043	-1384
2470	520
3590	-850
1071	-959
2649	-4119
3113	-368
4228	-3211
1336	331
2273	-1622
5092	-309
951	-3225
4681	-434
6	-3662
624	-6136
2678	1053
4728	-608
4231	-12894
4747	-426
3544	-648
422	-583
2211	-3276
3452	-1551
733	-1069
2981	-2518
887	-3985
108	-3547
1667	901
3308	-876
3238	-2424
2884	442
4930	-1323
1986	-804
2795	-620
310	-2812
1427	619
269	-2306
2563	10
4239	-396
2000	-305
2538	-1668
4197	-1385
4056	-1124
3834	268
3772	930
2503	-1594
4430	-6872
1349	-2334
1996	508
121	-4226
1481	-1036
63	-568
1548	-2318
2983	-2405
586	-696
2702	257
486	-1191
2636	-105
4701	163
3758	399
2545	-2094
3725	224
4741	-2492
725	-1939
1887	-368
2572	-1602
4896	-1101
4663	-707
737	-145
4537	-2911
3265	-4595
4958	159
169	-2843
4393	-94
4541	-6272
3124	-374
587	-494
2347	-51
1624	-156
1486	-4644
436	-225
1958	-6
2814	-1107
1277	-2512
3994	-3787
2236	-89
3716	-90
5109	-17
791	-149
1769	-6056
10	-4775
980	-1514
5204	29
2547	-4630
1928	-1291
3008	680
4339	-4047
5143	-9555
1347	1006
3120	-1276
947	-2383
1513	-2668
2596	-1029
544	-2851
105	-3555
1286	-34
5211	-1418
358	-1311
3302	-710
3329	-229
4665	-2338
712	144
4611	608
756	-507
2435	177
1080	-8826
1808	-36250
2427	-5199
68	252
363	-3142
2384	552
4499	-986
238	-11022
4296	-5236
1828	-2466
3847	-734
5072	-943
330	1046
2772	319
4643	444
4754	-455
4637	199
2399	-894
2473	-527
1041	-1140
3605	-56
3875	-5703
553	-1222
247	-734
919	-3699
4751	-2403
3608	536
2714	-2144
4211	-2269
293	-4220
1909	181
1763	-2694
765	176
1307	-1069
1570	-174
4800	556
525	-2267
658	236
1337	84
1500	-5598
1091	25
4815	269
3282	559
4787	-5859
4185	-1376
3722	-122
487	-2153
235	-2486
3774	-1274
3810	104
1193	-1767
2831	-1512
1167	197
353	470
3524	-82
1124	-77
3154	-1722
784	107
3171	-10492
3183	420
4609	-949
5268	-3455
3831	-1116
3920	-9056
613	-1050
2190	-828
4778	380
4865	618
4041	-4620
52	-14057
818	562
1234	-4450
168	-9313
1312	-1786
3167	-9327
3358	-2956
640	-101
4554	-7012
529	-2096
1479	94
3267	499
198	-3119
915	-1964
3087	650
2212	-2470
616	-1439
2250	-843
2866	-606
4988	-4781
1750	-2924
2124	-3737
4924	-827
2856	83
5019	-127
3824	44
3664	-1550
126	-3914
1227	532
1684	-107
2113	666
2251	-1281
533	-1527
5068	-1319
4136	-2232
3074	-2773
3798	1247
944	-3000
2128	-1162
3131	-23645
1248	-263
3160	178
2601	-5757
1279	-273
1545	-5234
234	-430
2618	-550
959	-2404
227	-281
4882	-116
1039	452
1698	-2169
2122	-3314
1182	-203
3331	-58
3090	-940
5221	-741
4153	-2539
5095	-2766
3125	633
461	-27
3872	-217
2677	-554
4518	-8023
2967	-1022
1696	-1169
3002	-2120
3894	1175
2359	332
1863	-10931
1567	-3073
3454	-1429
5273	-4455
1466	-1263
4249	319
2730	346
5030	-2193
876	221
1907	-853
3144	-3973
1464	-543
1256	130
3839	137
3103	16
3355	491
58	-441
1029	-1755
4498	530
2087	112
2671	-292
3332	-2114
202	530
4302	-6932
4942	966
1237	-1602
4568	-74
953	268
3229	33
1359	-7296
2505	-6423
323	339
424	688
2372	-397
2293	-41
2529	297
3323	-1925
2346	-2082
610	323
3870	-130
1922	79
3000	473
2706	-851
2821	-1578
2660	-4151
1468	-2157
4414	-3361
1098	595
1177	-245
1899	-206
3079	-1663
2341	-561
1244	-2781
3305	-10752
2950	332
4264	-7820
4385	-501
5185	-2170
3805	-1039
1789	-54
1166	965
4297	-2300
3930	-5094
4055	-1512
1156	-202
3899	749
3564	-824
841	18
671	-384
3854	-166
562	-127
856	249
3013	-2550
1340	-586
3195	-691
3364	-403
1623	60
5154	-4129
4207	-1577
4966	669
94	463
3092	-6777
162	-1061
988	-1628
421	-312
1612	-451
805	324
4111	147
4977	429
3359	-28
4193	-2262
846	486
617	-208
3806	-154
1142	-2016
1494	646
4965	-2089
3434	184
5142	-2764
429	899
4885	-642
4862	-1260
1555	-2980
3911	-1410
738	-837
2455	-2270
651	-90
4274	180
4291	-283
3367	116
1176	662
4235	342
361	-2257
1785	-19
1204	-643
349	-6976
3607	455
4391	-1285
829	56
4113	-4681
3835	-174
1935	-2041
4336	-3483
2993	1314
1365	-764
2546	-904
3357	142
3855	-973
2624	-1154
2672	-760
2990	-2658
2629	171
484	-12100
551	-2700
5144	-1540
2097	-438
1437	-1640
1047	807
371	-7573
4397	-7497
3243	102
4883	-2003
369	-587
4679	-51484
2104	-4623
4834	740
115	340
3662	-78
1826	379
2423	-1391
4477	-667
4125	-295
731	-64
2110	389
1611	616
1160	-908
1236	-754
599	686
4209	42
34	-2726
341	-3310
2421	-63
2271	-33
3423	-210
3111	-53
1796	-3
3283	-447
1554	-1751
2493	-637
2221	-849
4935	-4982
884	-106
4994	-29225
91	-100
929	-4128
729	-205
3826	-188
3076	-113
3688	-269
636	-1317
4556	260
3289	-339
2566	-814
2147	-1405
1535	-13413
2710	-2001
1140	-39
4881	174
4428	-955
665	206
1001	-8540
160	-305
3610	746
2757	-422
3652	-581
928	-497
2975	1048
4557	-438
4310	241
454	-13712
3473	-250
266	-707
1273	-2435
4715	388
3612	-5678
4622	563
427	542
2463	1155
1311	-434
1462	-240
3464	-958
1007	-2589
3517	-905
872	1111
2257	-1683
4806	-4759
2794	547
4027	349
2728	450
2869	-5611
885	-1987
2216	-694
16	-916
1199	-269
2867	-1839
2294	-5584
2785	-5647
726	-2432
1916	-1381
1261	-661
245	-744
40	-1629
3528	-1286
3235	-1135
2194	-59
3118	419
867	77
604	285
4412	-2069
3591	-5467
1081	-1146
4941	-880
2403	-1542
3793	124
2477	-1010
678	343
4954	-1435
3333	-2410
475	390
3587	-92
181	-4029
1616	466
2469	168
2650	-1103
2494	-1458
2670	-1815
4290	581
3261	150
2839	329
2916	-2326
1410	-4083
4748	-42
802	-186
2127	-813
1778	-7985
1901	389
943	150
4732	-983
1670	-7897
2736	-52
546	721
549	-2583
4441	-2914
1993	735
303	1182
67	-341
1862	-3036
4373	112
1805	560
4319	365
2600	627
2054	-4865
4404	-1251
3376	-33902
3086	-1937
2742	-529
2994	753
3309	-563
2356	270
4808	-731
2761	734
49	-1437
758	-4521
683	-3703
4255	61
2262	-1357
4592	-628
3926	-10997
3170	553
3645	-1831
2755	-3345
743	-27
3737	679
2322	22
407	262
4194	-921
2809	516
4399	-2194
1202	467
2997	-882
866	-232
3353	-1176
4659	148
913	-4704
316	549
4864	269
3132	554
978	-891
1242	-1244
5066	-3961
2686	-5438
248	-1869
4375	-1649
3450	-30305
4016	79
2897	-1608
1816	-1795
62	-6489
5119	-351
2167	-1811
1266	2418
4151	-154
3971	-12654
4508	-919
36	-2564
2451	-1820
572	-959
375	-265
2101	-1236
3563	-2475
2667	-8091
2608	-31492
4021	594
518	-4493
1143	663
449	-2832
4879	-3188
4313	-9473
3134	-790
3429	-2296
2557	-21355
5016	809
1561	-305
4114	-3058
819	28
1304	118
4369	-11574
3690	-539
3593	-4445
3182	601
667	-4411
3569	-66
4486	-360
3628	-4028
1057	-463
2987	745
4892	-2713
952	-1413
3711	508
328	875
3438	-30960
495	-1921
4757	-369
2936	-544
3047	-1539
1250	-4056
1790	-16382
2313	-542
4335	-1901
2501	7018
871	355
4901	-1128
1006	-84
5202	-785
997	112
4436	-237
4867	1166
2234	-280
2666	-3191
1083	-11440
409	237
3025	-2496
1134	-622
4272	-2258
5248	-450
1576	625
1818	-4908
3566	-360
1988	-4229
4853	323
4827	124
4657	210
1417	-8615
800	-1872
3791	-193
4512	224
3233	-4717
1508	-350
891	-548
4948	-1099
1407	69
1648	-31001
4285	-5009
2440	-2852
2551	-4912
86	184
2429	-1705
3104	380
778	-275
3176	-2400
4630	229
2314	-1220
4350	-3589
2404	365
4945	-1121
2922	-23833
1850	0
393	-561
4307	-1970
1658	-1938
4074	-6025
4227	-2837
2582	422
3339	157
605	-2397
4773	-1369
1208	-669
3042	-5016
4224	-1831
1254	356
5207	-2899
2913	-870
2970	-1055
653	-307
1028	-2657
3728	-87
2172	-793
3390	365
2640	-2923
3948	-1121
591	-3502
336	-207
3617	-1765
2290	-406
4707	-4937
3489	-342
4176	-2555
2833	-1950
